Client ID,Client Retention Flag
10004520718,Yes
10004519187,Yes
10004515634,Yes
10004512321,Yes
10004518550,Yes
10004522099,Yes
10004520034,Yes
10004513019,No
10004510728,Yes
10004510521,Yes
10004516547,Yes
10004520421,Yes
10004516354,Yes
10004517301,No
10004511974,Yes
10004519047,Yes
10004511732,Yes
10004519804,Yes
10004519133,Yes
10004511059,Yes
10004520557,No
10004520598,Yes
10004516766,Yes
10004518704,Yes
10004510403,Yes
10004519679,Yes
10004514119,No
10004514634,No
10004511414,Yes
10004516116,Yes
10004520466,Yes
10004514822,Yes
10004513044,Yes
10004521395,Yes
10004512939,No
10004519044,Yes
10004520101,Yes
10004522411,No
10004517799,Yes
10004513082,No
10004515108,Yes
10004516266,Yes
10004521349,Yes
10004518603,Yes
10004517479,Yes
10004513866,Yes
10004520378,Yes
10004514640,No
10004516566,Yes
10004514527,Yes
10004513620,No
10004519644,Yes
10004510193,Yes
10004520631,Yes
10004521545,No
10004511143,No
10004521054,Yes
10004516877,Yes
10004520646,Yes
10004515072,Yes
10004522282,No
10004520007,Yes
10004512026,Yes
10004517735,Yes
10004511638,No
10004518632,Yes
10004521431,No
10004511708,Yes
10004519040,Yes
10004516112,Yes
10004510168,No
10004515653,No
10004514604,Yes
10004518011,Yes
10004514968,Yes
10004518895,Yes
10004515263,Yes
10004512047,No
10004511661,Yes
10004522097,Yes
10004516110,No
10004521480,No
10004514351,Yes
10004510042,Yes
10004510076,No
10004521760,Yes
10004520957,Yes
10004510639,No
10004515277,Yes
10004513444,Yes
10004514704,Yes
10004520806,Yes
10004521976,Yes
10004511165,Yes
10004516667,Yes
10004519620,Yes
10004521421,Yes
10004511528,Yes
10004514244,No
10004514041,Yes
10004518329,Yes
10004513678,No
10004515846,Yes
10004518181,Yes
10004513083,Yes
10004510175,Yes
10004512314,No
10004515544,Yes
10004521032,Yes
10004522145,Yes
10004510567,No
10004517673,No
10004522451,Yes
10004515571,Yes
10004511694,Yes
10004519859,Yes
10004518175,Yes
10004514226,Yes
10004510035,No
10004515303,Yes
10004514894,No
10004515922,Yes
10004516706,Yes
10004514228,Yes
10004519261,Yes
10004510490,Yes
10004512043,Yes
10004517670,Yes
10004516448,No
10004518978,Yes
10004520394,Yes
10004518836,Yes
10004514508,Yes
10004519555,Yes
10004512113,Yes
10004513304,No
10004513795,Yes
10004518000,Yes
10004520886,Yes
10004510199,Yes
10004519299,Yes
10004518289,Yes
10004513532,No
10004511343,No
10004516296,Yes
10004517650,No
10004520960,Yes
10004520125,Yes
10004514840,Yes
10004513740,Yes
10004515417,Yes
10004519351,Yes
10004521872,Yes
10004520564,Yes
10004513869,Yes
10004514515,No
10004510069,Yes
10004518288,Yes
10004514614,No
10004520204,Yes
10004519019,Yes
10004521449,Yes
10004511344,No
10004522200,Yes
10004511922,Yes
10004518051,Yes
10004512612,Yes
10004513822,Yes
10004514144,No
10004522023,Yes
10004519729,Yes
10004518654,Yes
10004520904,Yes
10004520841,Yes
10004519738,Yes
10004518664,Yes
10004520016,Yes
10004515065,Yes
10004512153,Yes
10004521818,Yes
10004513877,Yes
10004516371,Yes
10004511778,Yes
10004516470,Yes
10004513478,Yes
10004510688,Yes
10004513522,No
10004513977,Yes
10004513774,Yes
10004517630,Yes
10004516743,Yes
10004520274,Yes
10004511824,No
10004517751,Yes
10004513507,Yes
10004513391,No
10004514928,Yes
10004519538,Yes
10004517216,Yes
10004512185,Yes
10004521041,Yes
10004510802,Yes
10004511339,No
10004514815,No
10004514402,No
10004514330,No
10004513746,Yes
10004513792,Yes
10004513072,No
10004511109,Yes
10004522266,Yes
10004520454,Yes
10004519575,Yes
10004517663,Yes
10004515538,No
10004518751,Yes
10004518471,Yes
10004512964,Yes
10004520430,Yes
10004521331,Yes
10004512079,Yes
10004517378,Yes
10004521454,Yes
10004512512,No
10004511295,No
10004522398,Yes
10004510341,Yes
10004519822,Yes
10004520519,Yes
10004516221,Yes
10004521754,No
10004510573,Yes
10004522080,Yes
10004519027,No
10004515751,No
10004511572,Yes
10004516685,Yes
10004520617,Yes
10004516176,Yes
10004513722,No
10004510735,Yes
10004520734,Yes
10004517890,Yes
10004514631,Yes
10004520158,Yes
10004514521,Yes
10004511173,No
10004522322,Yes
10004520029,Yes
10004518608,Yes
10004510046,Yes
10004510007,Yes
10004520532,Yes
10004512664,Yes
10004515832,Yes
10004513704,No
10004510970,No
10004513616,Yes
10004516688,Yes
10004521711,Yes
10004518780,No
10004519734,Yes
10004512072,No
10004522012,Yes
10004521384,Yes
10004516420,Yes
10004520324,Yes
10004519704,Yes
10004518743,Yes
10004513347,Yes
10004514878,Yes
10004510663,No
10004522413,Yes
10004521737,No
10004518683,Yes
10004516256,Yes
10004522382,Yes
10004512777,Yes
10004516254,No
10004518206,Yes
10004518171,No
10004521029,Yes
10004510938,Yes
10004516412,No
10004512293,Yes
10004522034,No
10004512093,No
10004511144,No
10004512466,No
10004512051,No
10004521225,Yes
10004519849,Yes
10004511904,Yes
10004511961,No
10004512318,Yes
10004511965,No
10004511004,No
10004519627,Yes
10004522018,Yes
10004517298,No
10004511608,No
10004518942,Yes
10004519949,Yes
10004513775,Yes
10004521569,Yes
10004511380,Yes
10004519806,No
10004518909,Yes
10004514161,Yes
10004517907,Yes
10004511172,No
10004520736,Yes
10004515228,Yes
10004516348,Yes
10004510370,No
10004517231,Yes
10004512385,Yes
10004519870,Yes
10004521487,No
10004514329,No
10004512898,No
10004517607,Yes
10004516126,Yes
10004512418,No
10004510714,Yes
10004516323,Yes
10004512115,Yes
10004521385,Yes
10004512541,No
10004510754,Yes
10004520367,Yes
10004516082,Yes
10004520246,Yes
10004515230,Yes
10004520509,Yes
10004514624,Yes
10004510523,No
10004514180,Yes
10004512741,Yes
10004517651,No
10004521511,No
10004514979,Yes
10004520993,Yes
10004512608,Yes
10004511038,Yes
10004521006,Yes
10004510309,No
10004521279,Yes
10004510633,No
10004520943,No
10004510526,No
10004521869,Yes
10004519059,Yes
10004514177,Yes
10004517203,Yes
10004517598,Yes
10004516050,Yes
10004515287,Yes
10004520814,Yes
10004521191,Yes
10004515048,Yes
10004521112,Yes
10004514157,Yes
10004519386,Yes
10004517822,Yes
10004521453,No
10004518265,Yes
10004520929,Yes
10004510517,No
10004516010,Yes
10004512161,Yes
10004522400,Yes
10004521679,Yes
10004512561,Yes
10004519814,Yes
10004512843,Yes
10004512670,Yes
10004514357,No
10004511270,Yes
10004512980,Yes
10004510332,No
10004515986,Yes
10004518642,Yes
10004515636,Yes
10004520739,Yes
10004520203,Yes
10004516080,Yes
10004520590,Yes
10004510253,Yes
10004519982,Yes
10004518439,No
10004515415,Yes
10004518131,Yes
10004519904,Yes
10004517475,No
10004521182,Yes
10004517269,No
10004516569,Yes
10004516702,Yes
10004517660,Yes
10004520600,Yes
10004520577,Yes
10004512639,No
10004511065,Yes
10004512694,Yes
10004518553,Yes
10004514007,No
10004517938,Yes
10004510707,Yes
10004522096,Yes
10004514006,No
10004518090,Yes
10004522489,No
10004515815,Yes
10004517314,Yes
10004518461,Yes
10004516279,No
10004522517,Yes
10004516763,Yes
10004512996,Yes
10004518748,Yes
10004514540,Yes
10004512320,No
10004518799,No
10004515030,Yes
10004522237,Yes
10004519234,Yes
10004512430,No
10004514889,Yes
10004513909,No
10004522189,Yes
10004514048,Yes
10004512203,Yes
10004520366,Yes
10004510690,No
10004522507,Yes
10004516196,Yes
10004511881,Yes
10004518057,Yes
10004516366,Yes
10004516182,Yes
10004513188,Yes
10004520917,Yes
10004520673,Yes
10004512528,Yes
10004511683,Yes
10004514397,Yes
10004519636,Yes
10004517133,Yes
10004517155,Yes
10004512426,Yes
10004517285,Yes
10004513703,No
10004518496,Yes
10004519046,Yes
10004514949,Yes
10004516091,Yes
10004520206,Yes
10004513047,Yes
10004518534,Yes
10004513695,Yes
10004519821,Yes
10004516585,Yes
10004510801,Yes
10004516271,Yes
10004510250,Yes
10004521323,Yes
10004514933,Yes
10004518359,Yes
10004515472,Yes
10004518225,Yes
10004521277,Yes
10004521145,Yes
10004517743,Yes
10004513564,Yes
10004513099,No
10004520903,Yes
10004514404,No
10004518723,Yes
10004518530,Yes
10004514717,No
10004520333,Yes
10004521961,Yes
10004519560,Yes
10004520597,Yes
10004521458,Yes
10004511199,Yes
10004521520,No
10004517293,Yes
10004519909,No
10004512412,Yes
10004519608,Yes
10004518132,No
10004519003,No
10004515265,Yes
10004513372,No
10004511889,Yes
10004517009,Yes
10004518294,Yes
10004511739,No
10004515747,Yes
10004511647,No
10004514046,Yes
10004510190,Yes
10004518250,Yes
10004515441,Yes
10004521085,No
10004520558,Yes
10004519866,No
10004513364,Yes
10004520621,Yes
10004522439,Yes
10004520065,Yes
10004510019,Yes
10004518416,Yes
10004518339,Yes
10004517499,Yes
10004512166,Yes
10004520950,Yes
10004511764,No
10004522133,Yes
10004519084,Yes
10004516560,Yes
10004522006,Yes
10004513359,Yes
10004518581,Yes
10004519889,Yes
10004513998,Yes
10004521607,Yes
10004517493,Yes
10004512453,Yes
10004510545,Yes
10004517036,Yes
10004511195,Yes
10004518078,Yes
10004512740,Yes
10004520228,Yes
10004516458,No
10004520985,No
10004513834,Yes
10004521908,Yes
10004519409,Yes
10004520501,Yes
10004516868,Yes
10004512280,Yes
10004510566,No
10004519685,Yes
10004514833,No
10004513032,No
10004513484,Yes
10004515987,Yes
10004515868,Yes
10004512343,Yes
10004510861,Yes
10004516478,Yes
10004511940,Yes
10004515661,Yes
10004522319,Yes
10004514826,Yes
10004516648,Yes
10004510564,Yes
10004516647,Yes
10004521239,Yes
10004515429,Yes
10004514911,Yes
10004516193,Yes
10004510022,Yes
10004510541,No
10004521419,Yes
10004519874,Yes
10004511359,Yes
10004510942,Yes
10004516030,Yes
10004514376,Yes
10004516486,Yes
10004511455,No
10004514229,Yes
10004520679,Yes
10004521509,Yes
10004518718,Yes
10004515317,No
10004518516,Yes
10004511164,No
10004513996,Yes
10004513677,No
10004513926,Yes
10004519297,Yes
10004520874,Yes
10004516662,Yes
10004520611,Yes
10004513562,Yes
10004511222,Yes
10004513111,Yes
10004516724,Yes
10004513080,No
10004520956,Yes
10004511318,Yes
10004511849,Yes
10004515764,Yes
10004512227,Yes
10004510961,Yes
10004518147,Yes
10004515760,Yes
10004521646,Yes
10004521992,Yes
10004520982,Yes
10004516806,Yes
10004517303,Yes
10004518074,Yes
10004515591,Yes
10004510453,No
10004516916,No
10004512991,No
10004512304,Yes
10004518462,Yes
10004514021,Yes
10004511644,Yes
10004518450,Yes
10004513085,Yes
10004518508,Yes
10004521288,Yes
10004513117,Yes
10004515387,Yes
10004518518,Yes
10004521980,Yes
10004519009,Yes
10004519795,Yes
10004520737,Yes
10004516349,Yes
10004512553,Yes
10004515789,Yes
10004517996,No
10004519991,Yes
10004511670,Yes
10004518217,Yes
10004520531,No
10004520408,No
10004520592,Yes
10004513814,Yes
10004519833,Yes
10004516646,Yes
10004517185,Yes
10004515814,Yes
10004520281,No
10004521652,No
10004521130,Yes
10004513119,Yes
10004520979,No
10004511330,Yes
10004518191,Yes
10004511040,No
10004519558,Yes
10004510430,Yes
10004510547,No
10004510180,Yes
10004521165,No
10004514405,No
10004514199,Yes
10004514217,Yes
10004514095,Yes
10004517071,Yes
10004511245,Yes
10004510191,Yes
10004515124,Yes
10004512365,No
10004514336,Yes
10004522386,Yes
10004521200,Yes
10004511119,Yes
10004520160,Yes
10004515071,No
10004521770,No
10004516820,No
10004514659,Yes
10004514566,No
10004516690,Yes
10004521082,Yes
10004510116,No
10004516307,Yes
10004516215,Yes
10004514042,Yes
10004511564,No
10004514955,Yes
10004518085,Yes
10004518806,Yes
10004511070,No
10004514799,Yes
10004516343,Yes
10004514808,No
10004513773,No
10004517272,No
10004521177,Yes
10004521501,No
10004513333,No
10004518091,No
10004521215,Yes
10004519158,Yes
10004520462,No
10004521903,No
10004513210,Yes
10004522065,Yes
10004512492,No
10004520705,Yes
10004511510,Yes
10004520446,Yes
10004521148,No
10004516682,Yes
10004517030,Yes
10004517586,Yes
10004512852,No
10004520069,Yes
10004515717,No
10004520285,Yes
10004511354,Yes
10004522010,No
10004518399,Yes
10004513971,No
10004511983,Yes
10004516324,Yes
10004521905,Yes
10004515504,No
10004517400,Yes
10004517534,Yes
10004519290,Yes
10004510519,No
10004518989,Yes
10004520768,Yes
10004519322,Yes
10004516511,Yes
10004520818,Yes
10004516153,No
10004517711,Yes
10004516673,Yes
10004516504,No
10004514120,Yes
10004520852,Yes
10004522374,Yes
10004512914,No
10004518163,Yes
10004512778,Yes
10004520612,Yes
10004510849,No
10004520800,Yes
10004522418,No
10004517426,Yes
10004518522,No
10004514251,Yes
10004510921,Yes
10004519770,Yes
10004515309,Yes
10004515307,No
10004518484,Yes
10004515937,Yes
10004513145,Yes
10004521455,No
10004517340,Yes
10004514080,Yes
10004521203,Yes
10004520537,Yes
10004510372,Yes
10004513959,Yes
10004510959,Yes
10004517779,No
10004512905,Yes
10004515499,No
10004520105,Yes
10004512837,Yes
10004513691,Yes
10004520128,No
10004521999,Yes
10004519970,No
10004520733,Yes
10004513068,Yes
10004513999,Yes
10004522434,Yes
10004522160,No
10004521429,No
10004519193,Yes
10004522352,No
10004516394,Yes
10004515560,Yes
10004515370,Yes
10004519457,Yes
10004514560,Yes
10004518794,Yes
10004516134,No
10004510544,Yes
10004512004,Yes
10004513383,Yes
10004518421,Yes
10004514142,Yes
10004516876,No
10004517236,No
10004521666,No
10004521016,Yes
10004518380,No
10004521007,No
10004510731,Yes
10004512268,Yes
10004513314,Yes
10004512904,No
10004521981,Yes
10004521162,No
10004521216,Yes
10004511013,Yes
10004515159,Yes
10004519515,No
10004518948,Yes
10004513732,Yes
10004519162,No
10004510584,Yes
10004518049,Yes
10004520475,Yes
10004516391,Yes
10004514090,Yes
10004511186,No
10004519778,Yes
10004512380,Yes
10004520591,Yes
10004510520,No
10004511798,Yes
10004517492,Yes
10004516893,Yes
10004514891,No
10004519825,Yes
10004516592,Yes
10004521570,No
10004516578,Yes
10004515006,No
10004520805,Yes
10004515612,Yes
10004519244,Yes
10004514555,Yes
10004516004,Yes
10004512614,Yes
10004519737,Yes
10004513405,Yes
10004512316,Yes
10004520588,Yes
10004511667,No
10004513272,Yes
10004510751,No
10004515749,Yes
10004516875,Yes
10004520306,Yes
10004522290,Yes
10004520709,Yes
10004519150,Yes
10004512129,Yes
10004518969,Yes
10004514509,Yes
10004518540,Yes
10004513683,Yes
10004522052,Yes
10004516289,No
10004511863,Yes
10004516582,Yes
10004517796,Yes
10004513610,No
10004519700,Yes
10004513609,Yes
10004511006,Yes
10004510161,Yes
10004517893,No
10004517156,Yes
10004515601,Yes
10004517480,No
10004516519,Yes
10004521812,Yes
10004510459,Yes
10004519063,Yes
10004514378,Yes
10004515242,Yes
10004514633,No
10004521513,No
10004513914,Yes
10004519908,Yes
10004522243,No
10004520797,Yes
10004520723,Yes
10004519841,Yes
10004513687,Yes
10004516062,Yes
10004521614,Yes
10004520047,Yes
10004522159,No
10004513398,Yes
10004521149,No
10004518214,Yes
10004515240,Yes
10004515988,No
10004522171,Yes
10004518676,No
10004511075,No
10004513168,Yes
10004519831,Yes
10004511805,Yes
10004520581,Yes
10004520139,Yes
10004511527,Yes
10004515001,Yes
10004515431,Yes
10004512562,No
10004521515,No
10004513279,Yes
10004513754,Yes
10004518795,Yes
10004521122,Yes
10004514544,Yes
10004521110,Yes
10004517908,Yes
10004520895,Yes
10004510177,Yes
10004519524,Yes
10004512554,No
10004519500,Yes
10004521362,Yes
10004514877,No
10004521337,Yes
10004519585,Yes
10004521159,Yes
10004513929,Yes
10004519257,Yes
10004510611,Yes
10004513580,Yes
10004517273,Yes
10004512310,No
10004516345,Yes
10004511779,Yes
10004512173,Yes
10004519192,Yes
10004515892,Yes
10004511267,Yes
10004515154,Yes
10004518808,Yes
10004520871,No
10004518481,No
10004518086,Yes
10004513230,Yes
10004516496,Yes
10004513395,Yes
10004515592,No
10004521895,Yes
10004518881,Yes
10004510287,No
10004520468,Yes
10004510079,Yes
10004521129,Yes
10004515670,Yes
10004513506,Yes
10004516347,Yes
10004511537,Yes
10004518502,Yes
10004512117,Yes
10004515916,Yes
10004518419,Yes
10004521052,Yes
10004521602,Yes
10004516433,No
10004522488,Yes
10004518409,Yes
10004519211,Yes
10004521140,Yes
10004510612,Yes
10004516881,Yes
10004520783,Yes
10004520935,Yes
10004512260,Yes
10004513172,No
10004514322,Yes
10004518199,Yes
10004521809,Yes
10004517754,Yes
10004520057,Yes
10004513415,Yes
10004521792,No
10004515899,Yes
10004515438,Yes
10004513548,Yes
10004511956,Yes
10004514448,Yes
10004516084,Yes
10004519861,No
10004513243,No
10004519941,Yes
10004513520,No
10004519253,No
10004522502,Yes
10004513471,No
10004521450,Yes
10004518093,Yes
10004513414,Yes
10004517088,Yes
10004520899,Yes
10004516435,Yes
10004517725,Yes
10004517466,No
10004518859,Yes
10004510416,Yes
10004522035,Yes
10004518731,Yes
10004522357,Yes
10004518219,No
10004513455,No
10004515332,Yes
10004510974,Yes
10004511449,Yes
10004516894,Yes
10004510139,No
10004511716,No
10004510854,No
10004518697,Yes
10004520315,Yes
10004521756,No
10004514466,Yes
10004515514,Yes
10004515629,Yes
10004521931,Yes
10004521065,No
10004510434,No
10004522479,Yes
10004514576,No
10004519712,Yes
10004512693,Yes
10004512637,No
10004511452,Yes
10004515306,Yes
10004520145,Yes
10004510483,Yes
10004520056,Yes
10004516303,Yes
10004522247,No
10004516534,Yes
10004513752,Yes
10004515149,No
10004515505,No
10004516076,No
10004513769,Yes
10004513338,Yes
10004520573,Yes
10004520144,Yes
10004514890,Yes
10004514970,Yes
10004511496,Yes
10004517240,Yes
10004514635,Yes
10004510647,Yes
10004521978,Yes
10004514886,No
10004516808,Yes
10004515420,Yes
10004511685,No
10004511520,No
10004513122,No
10004516022,Yes
10004520776,Yes
10004511466,No
10004516357,Yes
10004510919,Yes
10004510054,Yes
10004518972,Yes
10004518816,Yes
10004510262,No
10004521294,Yes
10004517442,No
10004518449,No
10004511285,Yes
10004510410,Yes
10004518644,Yes
10004521816,Yes
10004520540,Yes
10004517849,No
10004516675,Yes
10004512058,Yes
10004522225,Yes
10004513726,No
10004517924,Yes
10004517658,No
10004521366,Yes
10004515885,Yes
10004520309,Yes
10004516580,No
10004516999,Yes
10004520231,Yes
10004522020,Yes
10004516703,Yes
10004518062,Yes
10004517253,Yes
10004512341,Yes
10004513418,Yes
10004519687,Yes
10004521911,Yes
10004520988,Yes
10004519597,Yes
10004519617,Yes
10004518692,Yes
10004513978,Yes
10004514974,Yes
10004513012,Yes
10004520379,Yes
10004510321,No
10004511789,Yes
10004516233,Yes
10004521996,Yes
10004514420,Yes
10004522230,No
10004515909,No
10004514393,Yes
10004519130,Yes
10004522011,Yes
10004518002,Yes
10004511831,Yes
10004512164,Yes
10004511923,Yes
10004522064,Yes
10004518389,Yes
10004518031,Yes
10004515740,Yes
10004516968,Yes
10004515019,Yes
10004513635,Yes
10004518314,Yes
10004517655,Yes
10004510239,Yes
10004513873,Yes
10004520508,Yes
10004516184,Yes
10004515793,No
10004511289,Yes
10004522062,No
10004516046,Yes
10004517981,Yes
10004514154,Yes
10004515972,Yes
10004522279,Yes
10004515765,Yes
10004516510,Yes
10004514721,Yes
10004514910,Yes
10004514053,Yes
10004517299,No
10004521144,No
10004513236,Yes
10004513349,Yes
10004515087,Yes
10004512063,Yes
10004513599,Yes
10004514411,Yes
10004521627,No
10004519318,Yes
10004513956,Yes
10004515057,Yes
10004519190,Yes
10004514020,Yes
10004517444,Yes
10004521794,Yes
10004512030,Yes
10004510456,No
10004518958,No
10004522371,Yes
10004515234,No
10004513286,Yes
10004518652,No
10004518311,No
10004517537,Yes
10004511146,Yes
10004514647,Yes
10004519509,Yes
10004510796,Yes
10004518764,Yes
10004516914,Yes
10004510389,Yes
10004518833,Yes
10004515434,No
10004512148,Yes
10004513778,Yes
10004515946,Yes
10004517382,Yes
10004510479,Yes
10004521587,Yes
10004510776,No
10004515929,Yes
10004520151,Yes
10004515984,Yes
10004514439,Yes
10004520782,No
10004510071,No
10004518405,Yes
10004519490,Yes
10004512687,Yes
10004520393,Yes
10004510746,No
10004515979,Yes
10004513614,Yes
10004513384,Yes
10004511856,Yes
10004520400,Yes
10004520167,Yes
10004519881,No
10004518247,Yes
10004512417,Yes
10004521272,No
10004514847,No
10004515872,Yes
10004511839,Yes
10004521223,Yes
10004515194,Yes
10004512289,Yes
10004518647,Yes
10004516127,Yes
10004510761,Yes
10004518961,No
10004521348,Yes
10004520220,Yes
10004513011,Yes
10004512555,Yes
10004517058,Yes
10004522449,Yes
10004516094,Yes
10004520241,Yes
10004518894,Yes
10004517876,Yes
10004517279,Yes
10004521282,No
10004520862,No
10004520901,Yes
10004515276,Yes
10004514166,Yes
10004522354,Yes
10004521839,Yes
10004514762,No
10004519798,Yes
10004514321,No
10004513096,No
10004513482,Yes
10004512233,Yes
10004515295,Yes
10004512209,Yes
10004521703,Yes
10004518039,Yes
10004515844,No
10004522410,Yes
10004518975,Yes
10004520976,No
10004519767,Yes
10004521482,Yes
10004519185,Yes
10004522315,Yes
10004522494,Yes
10004519606,No
10004517103,Yes
10004516069,Yes
10004518192,Yes
10004516102,Yes
10004510928,Yes
10004510255,Yes
10004514589,Yes
10004520356,Yes
10004513275,No
10004512588,No
10004516782,Yes
10004513933,Yes
10004514058,Yes
10004510525,No
10004512193,Yes
10004513831,Yes
10004522320,No
10004510290,Yes
10004514495,Yes
10004517782,No
10004519645,Yes
10004520971,Yes
10004521529,Yes
10004519550,Yes
10004515344,No
10004520290,Yes
10004516913,Yes
10004512606,Yes
10004510249,Yes
10004511802,No
10004519142,Yes
10004513688,Yes
10004518325,Yes
10004511136,No
10004520252,Yes
10004520885,Yes
10004517181,Yes
10004517669,No
10004520572,Yes
10004518092,Yes
10004511212,Yes
10004510256,Yes
10004515893,Yes
10004513253,Yes
10004514867,No
10004516514,No
10004521692,Yes
10004516561,No
10004510604,Yes
10004514720,No
10004513606,Yes
10004513529,Yes
10004516465,Yes
10004512772,Yes
10004521927,Yes
10004513043,Yes
10004510897,Yes
10004512587,Yes
10004514285,Yes
10004521772,Yes
10004511150,Yes
10004517928,No
10004513231,Yes
10004513406,Yes
10004518727,Yes
10004519943,Yes
10004512189,Yes
10004522397,Yes
10004518394,Yes
10004514436,No
10004518824,No
10004521701,Yes
10004515335,Yes
10004519535,Yes
10004517690,No
10004520163,Yes
10004522109,Yes
10004521397,No
10004521345,Yes
10004518268,Yes
10004510242,Yes
10004518330,Yes
10004516636,Yes
10004519165,No
10004521968,Yes
10004512184,Yes
10004513293,Yes
10004520887,Yes
10004516952,Yes
10004520934,Yes
10004521035,Yes
10004510763,No
10004511545,Yes
10004512482,Yes
10004512733,Yes
10004518351,Yes
10004516828,Yes
10004512141,Yes
10004518720,Yes
10004513648,Yes
10004511791,Yes
10004519485,Yes
10004517617,Yes
10004521104,Yes
10004519521,Yes
10004516935,Yes
10004518950,Yes
10004510339,No
10004513073,Yes
10004511916,Yes
10004514183,Yes
10004510152,Yes
10004519613,Yes
10004512599,Yes
10004514875,Yes
10004518411,Yes
10004516178,Yes
10004511128,No
10004516573,Yes
10004512521,Yes
10004519834,No
10004522163,Yes
10004513281,Yes
10004510814,No
10004516033,Yes
10004514198,Yes
10004519167,Yes
10004520750,Yes
10004514628,Yes
10004515628,Yes
10004512503,Yes
10004519207,Yes
10004519112,Yes
10004515485,Yes
10004522441,Yes
10004522013,Yes
10004515286,Yes
10004518322,Yes
10004511145,No
10004516613,Yes
10004519512,Yes
10004516364,Yes
10004512607,No
10004510946,Yes
10004517202,No
10004514572,Yes
10004511118,Yes
10004518710,Yes
10004514692,Yes
10004512572,Yes
10004520216,No
10004513290,Yes
10004518134,Yes
10004518514,Yes
10004521725,No
10004519998,Yes
10004515827,Yes
10004520515,No
10004520954,Yes
10004518498,Yes
10004512564,Yes
10004519197,Yes
10004522298,Yes
10004514179,No
10004519797,Yes
10004521517,Yes
10004518106,Yes
10004512673,Yes
10004516900,Yes
10004518280,Yes
10004512001,Yes
10004513294,Yes
10004517521,Yes
10004513283,Yes
10004512705,Yes
10004510780,No
10004520303,Yes
10004512908,Yes
10004515400,Yes
10004521938,Yes
10004518892,Yes
10004522229,Yes
10004514430,Yes
10004510557,No
10004511704,Yes
10004511553,Yes
10004513161,Yes
10004510500,No
10004522363,Yes
10004510807,No
10004519517,No
10004518353,Yes
10004519028,No
10004510637,Yes
10004517563,Yes
10004517411,Yes
10004511580,Yes
10004510297,Yes
10004513934,Yes
10004513920,Yes
10004518210,Yes
10004512874,Yes
10004518501,Yes
10004510941,No
10004513990,No
10004520022,No
10004517084,Yes
10004512070,Yes
10004511485,Yes
10004522448,No
10004520154,Yes
10004521180,Yes
10004511688,No
10004520817,Yes
10004517091,Yes
10004512106,Yes
10004510024,Yes
10004518234,Yes
10004518182,Yes
10004511768,Yes
10004514960,No
10004520891,Yes
10004516205,Yes
10004519168,Yes
10004521371,Yes
10004519348,Yes
10004513958,Yes
10004514783,Yes
10004513278,Yes
10004511435,Yes
10004516884,Yes
10004514125,Yes
10004510296,No
10004520126,Yes
10004510899,No
10004522273,Yes
10004510276,Yes
10004522213,Yes
10004520371,No
10004518169,No
10004518549,Yes
10004515175,Yes
10004520311,Yes
10004518616,Yes
10004511315,Yes
10004519094,Yes
10004520875,No
10004520595,Yes
10004510222,Yes
10004512900,Yes
10004516081,Yes
10004521401,Yes
10004518345,Yes
10004519469,Yes
10004510323,Yes
10004512005,No
10004512149,Yes
10004513588,Yes
10004516572,Yes
10004519375,Yes
10004519413,No
10004519361,Yes
10004514031,Yes
10004517772,Yes
10004517978,Yes
10004516755,Yes
10004521661,Yes
10004521235,No
10004519599,Yes
10004517078,Yes
10004522370,Yes
10004510358,Yes
10004511765,No
10004517510,Yes
10004521817,Yes
10004519000,Yes
10004514690,No
10004512907,No
10004520773,Yes
10004517643,Yes
10004514591,Yes
10004516718,Yes
10004518964,Yes
10004514607,Yes
10004510603,Yes
10004510390,Yes
10004517583,Yes
10004513697,Yes
10004511524,No
10004512444,Yes
10004517977,Yes
10004510724,No
10004518340,Yes
10004512270,Yes
10004511994,Yes
10004516428,Yes
10004513955,Yes
10004521445,No
10004521376,Yes
10004512461,No
10004517377,Yes
10004514325,Yes
10004510099,No
10004521324,Yes
10004513340,Yes
10004513403,Yes
10004517569,Yes
10004519979,Yes
10004512371,Yes
10004517331,Yes
10004511069,Yes
10004518445,Yes
10004516991,Yes
10004513848,No
10004512271,Yes
10004521003,No
10004517701,No
10004515313,Yes
10004521785,Yes
10004517827,Yes
10004511459,Yes
10004518968,Yes
10004514338,Yes
10004522255,Yes
10004521193,No
10004516628,Yes
10004518094,Yes
10004520014,Yes
10004513143,Yes
10004514893,Yes
10004510386,Yes
10004513407,Yes
10004515217,No
10004511079,Yes
10004516595,Yes
10004515701,Yes
10004522119,Yes
10004518591,Yes
10004522089,Yes
10004522253,Yes
10004521918,Yes
10004511263,Yes
10004515402,Yes
10004519245,Yes
10004516451,No
10004511612,No
10004520133,Yes
10004514470,Yes
10004519753,Yes
10004516006,Yes
10004519989,Yes
10004510388,Yes
10004512967,Yes
10004513965,Yes
10004512678,Yes
10004520296,Yes
10004517398,Yes
10004521230,Yes
10004516199,Yes
10004521767,Yes
10004511700,Yes
10004519618,Yes
10004516211,No
10004521428,Yes
10004520986,Yes
10004513528,No
10004510044,Yes
10004517180,Yes
10004520360,Yes
10004516798,No
10004512284,Yes
10004512213,Yes
10004513512,Yes
10004517983,Yes
10004519615,Yes
10004519472,Yes
10004516418,Yes
10004511303,No
10004522154,No
10004514001,No
10004512650,Yes
10004511473,Yes
10004520255,Yes
10004517143,Yes
10004514912,Yes
10004519260,No
10004520477,Yes
10004520857,Yes
10004521885,Yes
10004521902,Yes
10004510671,Yes
10004511041,Yes
10004515859,Yes
10004510057,Yes
10004514176,No
10004517854,Yes
10004517414,Yes
10004510080,Yes
10004513368,Yes
10004518831,No
10004514256,No
10004517979,Yes
10004514927,Yes
10004516749,No
10004513894,Yes
10004512526,Yes
10004512489,Yes
10004513435,Yes
10004520417,Yes
10004516244,Yes
10004511919,Yes
10004514626,Yes
10004518056,No
10004519463,Yes
10004520879,Yes
10004513762,Yes
10004515254,Yes
10004518123,Yes
10004511636,No
10004513276,No
10004520040,Yes
10004517015,Yes
10004512632,No
10004510334,Yes
10004512836,Yes
10004513022,Yes
10004521581,No
10004521066,No
10004511880,Yes
10004520878,Yes
10004521822,Yes
10004515777,Yes
10004517842,Yes
10004520811,Yes
10004511816,Yes
10004512867,Yes
10004518012,No
10004521163,Yes
10004522029,Yes
10004517235,No
10004513859,Yes
10004517410,Yes
10004519569,Yes
10004515895,Yes
10004512103,Yes
10004521757,Yes
10004514944,Yes
10004519703,Yes
10004514212,Yes
10004521568,Yes
10004515103,Yes
10004520930,Yes
10004521641,Yes
10004517276,Yes
10004516288,Yes
10004522061,No
10004514512,No
10004519681,No
10004513636,No
10004522422,Yes
10004511130,No
10004521132,Yes
10004518601,Yes
10004512682,Yes
10004518941,Yes
10004519396,Yes
10004516264,No
10004515098,No
10004515231,Yes
10004516891,Yes
10004521862,Yes
10004513248,No
10004520225,Yes
10004514819,Yes
10004521263,Yes
10004522318,No
10004516715,Yes
10004518148,Yes
10004516714,Yes
10004518109,Yes
10004515795,Yes
10004512025,Yes
10004519709,Yes
10004510464,Yes
10004515488,Yes
10004511491,Yes
10004517516,Yes
10004518745,Yes
10004512788,Yes
10004522445,Yes
10004513694,Yes
10004512496,Yes
10004516000,Yes
10004515619,Yes
10004512110,Yes
10004521436,Yes
10004511848,Yes
10004513534,Yes
10004512157,Yes
10004518531,Yes
10004510582,Yes
10004511648,No
10004511033,No
10004522341,No
10004521330,No
10004521186,No
10004515220,Yes
10004516549,Yes
10004513465,Yes
10004511048,Yes
10004517622,Yes
10004521254,No
10004515213,No
10004519621,No
10004519416,Yes
10004514135,No
10004514220,Yes
10004520724,Yes
10004517934,Yes
10004517959,Yes
10004519099,Yes
10004522369,Yes
10004510499,No
10004518286,Yes
10004510813,No
10004518261,Yes
10004515638,Yes
10004511116,Yes
10004521048,Yes
10004521067,Yes
10004520352,No
10004515860,No
10004511744,Yes
10004521780,Yes
10004518655,Yes
10004512944,Yes
10004512576,Yes
10004517206,No
10004518204,Yes
10004512437,No
10004518488,Yes
10004515887,No
10004512820,Yes
10004518930,No
10004511253,Yes
10004522207,Yes
10004513193,Yes
10004521600,Yes
10004516841,Yes
10004516107,Yes
10004510140,Yes
10004514492,Yes
10004520945,Yes
10004512056,Yes
10004514127,No
10004512784,No
10004510163,No
10004512066,No
10004521309,Yes
10004518705,Yes
10004516359,Yes
10004514696,No
10004515261,Yes
10004514976,No
10004512999,No
10004517381,No
10004519258,Yes
10004515918,No
10004512264,No
10004520747,Yes
10004511400,Yes
10004513339,Yes
10004518230,Yes
10004515013,Yes
10004522240,Yes
10004518468,Yes
10004519562,Yes
10004511673,Yes
10004515195,Yes
10004517309,Yes
10004515735,Yes
10004515122,Yes
10004520146,Yes
10004520894,Yes
10004518962,Yes
10004512381,Yes
10004517937,Yes
10004513132,Yes
10004517134,Yes
10004511966,Yes
10004520786,Yes
10004515343,Yes
10004517952,Yes
10004520742,No
10004516332,No
10004521638,Yes
10004510085,No
10004511777,Yes
10004514293,Yes
10004522031,Yes
10004520998,Yes
10004515425,Yes
10004522375,Yes
10004518103,Yes
10004518255,Yes
10004512833,Yes
10004521344,Yes
10004511504,Yes
10004516189,Yes
10004510782,No
10004517139,Yes
10004512862,Yes
10004519675,Yes
10004510624,Yes
10004510505,Yes
10004518679,Yes
10004511157,Yes
10004514757,No
10004513446,Yes
10004512902,Yes
10004517905,Yes
10004513165,Yes
10004517927,Yes
10004519676,Yes
10004520451,Yes
10004515380,Yes
10004514096,Yes
10004511225,No
10004519528,Yes
10004520529,No
10004512723,Yes
10004515028,No
10004512700,Yes
10004515675,Yes
10004512347,No
10004517748,Yes
10004520714,No
10004510530,Yes
10004516259,Yes
10004522365,No
10004521369,No
10004515709,No
10004517668,Yes
10004511283,Yes
10004520506,Yes
10004517424,Yes
10004512436,Yes
10004519269,Yes
10004516922,Yes
10004511772,Yes
10004512791,Yes
10004521990,No
10004521889,No
10004516897,Yes
10004515017,No
10004520131,Yes
10004521370,Yes
10004520942,Yes
10004515598,Yes
10004510514,Yes
10004512448,No
10004513665,Yes
10004521849,Yes
10004517371,Yes
10004515535,Yes
10004519306,Yes
10004512269,Yes
10004518643,No
10004513389,Yes
10004519593,Yes
10004510876,Yes
10004514870,No
10004517268,Yes
10004512238,Yes
10004510335,No
10004519525,Yes
10004520916,Yes
10004520004,Yes
10004510009,Yes
10004521004,Yes
10004522149,Yes
10004511498,Yes
10004515819,Yes
10004521763,Yes
10004518361,Yes
10004510825,Yes
10004511737,Yes
10004515371,Yes
10004515622,Yes
10004512449,Yes
10004519012,Yes
10004514024,Yes
10004512662,Yes
10004521733,Yes
10004520232,Yes
10004510247,No
10004511434,No
10004516151,No
10004512413,Yes
10004516121,Yes
10004521689,No
10004516553,Yes
10004514074,Yes
10004514442,Yes
10004512244,Yes
10004519553,Yes
10004519571,Yes
10004512360,Yes
10004514881,Yes
10004518021,Yes
10004516845,Yes
10004515128,No
10004512500,No
10004511860,Yes
10004520079,Yes
10004511941,Yes
10004510138,No
10004510993,No
10004513451,Yes
10004520914,Yes
10004513092,No
10004521972,No
10004518357,Yes
10004514719,Yes
10004519971,No
10004512973,Yes
10004515016,Yes
10004520098,Yes
10004511896,Yes
10004517021,Yes
10004521306,Yes
10004514884,Yes
10004514132,No
10004516576,Yes
10004517429,Yes
10004513292,Yes
10004514002,Yes
10004518602,Yes
10004512909,No
10004511137,Yes
10004518297,Yes
10004516114,Yes
10004511463,No
10004510878,Yes
10004510788,Yes
10004520102,Yes
10004519779,Yes
10004513033,Yes
10004515390,Yes
10004510890,No
10004512770,Yes
10004512192,Yes
10004519762,Yes
10004516836,Yes
10004512649,Yes
10004522377,No
10004511482,No
10004515671,Yes
10004516315,Yes
10004522490,Yes
10004514257,Yes
10004521238,Yes
10004514758,No
10004520447,Yes
10004515556,Yes
10004514005,No
10004515683,Yes
10004512724,Yes
10004514054,Yes
10004512493,Yes
10004511352,No
10004520257,Yes
10004517375,Yes
10004514679,Yes
10004511792,Yes
10004513970,Yes
10004521865,Yes
10004514750,Yes
10004517040,No
10004511526,Yes
10004518252,Yes
10004516796,Yes
10004515567,Yes
10004515223,Yes
10004512322,No
10004517817,Yes
10004519891,Yes
10004518577,Yes
10004511461,Yes
10004512821,Yes
10004517020,No
10004517163,No
10004514609,Yes
10004517469,No
10004520428,Yes
10004519283,Yes
10004520442,No
10004513202,Yes
10004518984,Yes
10004514765,Yes
10004515855,Yes
10004515534,Yes
10004510848,No
10004516899,Yes
10004516377,Yes
10004518001,Yes
10004517580,Yes
10004510579,Yes
10004510981,Yes
10004521500,Yes
10004519122,Yes
10004522165,No
10004513238,No
10004513319,No
10004512055,No
10004517846,Yes
10004517044,Yes
10004517131,Yes
10004510284,No
10004520195,Yes
10004517852,Yes
10004517384,Yes
10004515941,Yes
10004512984,No
10004518113,Yes
10004520322,Yes
10004521409,Yes
10004518919,Yes
10004516038,Yes
10004513569,Yes
10004511971,No
10004518407,Yes
10004513459,Yes
10004510178,Yes
10004513329,Yes
10004510865,No
10004512050,Yes
10004518127,Yes
10004510438,No
10004510810,Yes
10004516937,Yes
10004513898,No
10004510536,Yes
10004514990,Yes
10004511042,Yes
10004520850,No
10004513554,Yes
10004511264,Yes
10004519313,Yes
10004515328,Yes
10004521319,Yes
10004515756,Yes
10004512780,No
10004515746,No
10004519210,Yes
10004522072,Yes
10004514485,Yes
10004514049,No
10004520346,Yes
10004518924,Yes
10004513130,Yes
10004514859,Yes
10004520116,Yes
10004510655,No
10004517808,No
10004520212,Yes
10004510693,Yes
10004520273,Yes
10004512431,Yes
10004520924,Yes
10004518876,No
10004510016,Yes
10004517915,No
10004521064,Yes
10004520114,Yes
10004517316,Yes
10004519264,Yes
10004517862,Yes
10004513500,No
10004514914,Yes
10004521335,No
10004515253,Yes
10004516515,No
10004515528,Yes
10004514978,Yes
10004521533,No
10004512618,Yes
10004511346,Yes
10004517588,Yes
10004514265,Yes
10004514479,Yes
10004514524,Yes
10004519479,Yes
10004522259,Yes
10004512459,Yes
10004517894,Yes
10004513334,Yes
10004512143,Yes
10004513229,Yes
10004519929,Yes
10004510925,Yes
10004512200,No
10004511695,No
10004517554,No
10004521426,No
10004510145,No
10004516530,Yes
10004518814,No
10004520951,Yes
10004519769,Yes
10004514163,Yes
10004515762,No
10004519004,Yes
10004519143,No
10004513013,Yes
10004522460,Yes
10004511827,Yes
10004520275,Yes
10004515582,Yes
10004512010,No
10004517740,Yes
10004520169,Yes
10004514804,Yes
10004517729,Yes
10004520355,Yes
10004518324,No
10004513541,Yes
10004519923,Yes
10004511278,Yes
10004518693,Yes
10004514936,Yes
10004518224,Yes
10004513765,Yes
10004520269,No
10004511781,Yes
10004512847,Yes
10004517645,Yes
10004510718,Yes
10004517478,Yes
10004520691,Yes
10004510324,Yes
10004512615,Yes
10004516687,Yes
10004522328,Yes
10004520795,Yes
10004510260,No
10004515705,Yes
10004516888,Yes
10004521943,Yes
10004510984,No
10004515580,Yes
10004519172,Yes
10004516177,Yes
10004514344,Yes
10004520790,Yes
10004517482,Yes
10004518152,Yes
10004510197,Yes
10004518960,Yes
10004519873,Yes
10004519652,No
10004510706,Yes
10004520293,Yes
10004513714,No
10004513560,No
10004512850,No
10004510522,Yes
10004515644,Yes
10004515983,No
10004518897,Yes
10004522325,Yes
10004517899,Yes
10004522362,Yes
10004522307,Yes
10004512985,No
10004516623,Yes
10004519292,Yes
10004514146,Yes
10004518331,Yes
10004521093,Yes
10004520530,Yes
10004512876,Yes
10004514158,Yes
10004512986,No
10004511855,Yes
10004514471,Yes
10004513542,Yes
10004510627,Yes
10004511962,Yes
10004512065,Yes
10004520409,Yes
10004515221,Yes
10004514999,No
10004521955,No
10004511247,Yes
10004522063,Yes
10004515297,No
10004522042,Yes
10004510713,Yes
10004514885,Yes
10004521022,Yes
10004513134,No
10004519482,Yes
10004510772,Yes
10004514728,No
10004511194,Yes
10004521113,No
10004512798,Yes
10004514701,Yes
10004515782,Yes
10004518388,Yes
10004520214,Yes
10004510791,No
10004515302,Yes
10004515457,No
10004519497,Yes
10004517383,Yes
10004516631,Yes
10004519317,Yes
10004513660,Yes
10004513847,Yes
10004516769,Yes
10004520778,Yes
10004517621,Yes
10004511475,Yes
10004511814,No
10004513921,No
10004510771,No
10004510650,Yes
10004515790,No
10004511561,No
10004522058,No
10004520828,No
10004510826,No
10004522440,Yes
10004511086,Yes
10004517105,Yes
10004512556,No
10004510470,Yes
10004510929,Yes
10004511838,Yes
10004510302,Yes
10004518706,Yes
10004512060,Yes
10004518713,Yes
10004514346,No
10004512546,No
10004520900,No
10004516522,Yes
10004511122,No
10004519458,Yes
10004521527,Yes
10004517737,Yes
10004514349,Yes
10004511252,Yes
10004517244,Yes
10004521155,No
10004516777,No
10004510477,Yes
10004511782,Yes
10004518251,Yes
10004514034,Yes
10004514710,Yes
10004519660,Yes
10004519756,Yes
10004519964,Yes
10004516422,Yes
10004511712,Yes
10004512395,No
10004520250,Yes
10004518480,Yes
10004511915,Yes
10004513211,Yes
10004513729,No
10004510423,Yes
10004513913,Yes
10004515070,Yes
10004516263,No
10004518761,Yes
10004517547,Yes
10004513197,No
10004517875,Yes
10004518392,Yes
10004513776,Yes
10004511158,Yes
10004522193,Yes
10004518716,Yes
10004514484,Yes
10004519916,Yes
10004514379,Yes
10004514362,Yes
10004521269,No
10004512704,Yes
10004513311,Yes
10004517626,Yes
10004511140,Yes
10004515714,No
10004512975,Yes
10004514213,Yes
10004515091,Yes
10004517257,Yes
10004519233,Yes
10004514345,Yes
10004512880,Yes
10004510979,Yes
10004515543,Yes
10004510104,No
10004519527,Yes
10004512865,Yes
10004512596,Yes
10004511230,Yes
10004521810,Yes
10004510721,Yes
10004521094,Yes
10004518173,Yes
10004514511,No
10004521900,No
10004512067,Yes
10004511668,No
10004512988,Yes
10004519539,Yes
10004513807,Yes
10004517867,Yes
10004517065,Yes
10004513915,Yes
10004519574,Yes
10004520412,Yes
10004516291,No
10004515555,Yes
10004519430,Yes
10004511338,No
10004513207,Yes
10004510089,No
10004511942,Yes
10004510962,No
10004516481,Yes
10004519266,Yes
10004515046,No
10004513504,Yes
10004514453,No
10004520351,Yes
10004517307,Yes
10004519034,Yes
10004517882,Yes
10004519967,Yes
10004521281,Yes
10004511480,Yes
10004516759,Yes
10004514092,No
10004515933,No
10004512929,Yes
10004520436,Yes
10004511080,Yes
10004511776,No
10004513042,No
10004518130,Yes
10004520111,Yes
10004520385,Yes
10004520024,No
10004514498,Yes
10004519064,Yes
10004518662,Yes
10004520113,Yes
10004521622,Yes
10004516939,Yes
10004517447,Yes
10004515255,Yes
10004522218,Yes
10004511960,Yes
10004513366,Yes
10004518954,Yes
10004513899,Yes
10004513702,No
10004519051,No
10004520710,Yes
10004516223,No
10004515342,Yes
10004522168,Yes
10004516722,Yes
10004515548,No
10004515311,No
10004518183,Yes
10004510972,No
10004511543,No
10004519081,Yes
10004520525,Yes
10004512838,Yes
10004521702,Yes
10004512379,Yes
10004520603,Yes
10004520174,Yes
10004516163,Yes
10004513720,Yes
10004513643,Yes
10004519166,Yes
10004521764,Yes
10004512750,Yes
10004521232,Yes
10004515466,No
10004518757,Yes
10004517013,No
10004516563,Yes
10004516603,Yes
10004517471,No
10004516436,Yes
10004512145,Yes
10004517589,Yes
10004519933,Yes
10004514700,Yes
10004517425,No
10004514993,No
10004522146,Yes
10004512683,Yes
10004521588,Yes
10004516036,Yes
10004512714,No
10004510598,Yes
10004513654,No
10004511121,Yes
10004517288,Yes
10004515673,Yes
10004521228,No
10004521367,Yes
10004511788,Yes
10004522277,No
10004520137,Yes
10004512272,Yes
10004517552,No
10004516285,No
10004520948,No
10004516562,Yes
10004512282,Yes
10004521984,Yes
10004515791,Yes
10004519045,Yes
10004510136,Yes
10004521648,Yes
10004514043,Yes
10004520249,Yes
10004515945,Yes
10004512045,Yes
10004515141,No
10004510753,Yes
10004514148,Yes
10004519088,No
10004512511,Yes
10004516998,Yes
10004516001,Yes
10004511281,No
10004520289,Yes
10004516425,No
10004510218,Yes
10004515575,Yes
10004514108,Yes
10004518385,Yes
10004518258,Yes
10004513844,Yes
10004519640,Yes
10004521664,Yes
10004516669,Yes
10004514773,No
10004516723,Yes
10004514577,Yes
10004516297,Yes
10004514650,Yes
10004515685,Yes
10004515594,Yes
10004515075,No
10004518034,Yes
10004518793,Yes
10004513453,Yes
10004512313,Yes
10004517863,No
10004514843,Yes
10004521727,No
10004516077,No
10004511785,Yes
10004520931,Yes
10004516817,Yes
10004514845,Yes
10004519880,Yes
10004514536,Yes
10004512447,Yes
10004514654,Yes
10004522220,Yes
10004517041,Yes
10004518017,Yes
10004515570,Yes
10004512241,Yes
10004516092,Yes
10004521765,No
10004513180,No
10004515549,Yes
10004519663,Yes
10004520129,No
10004511243,Yes
10004513673,Yes
10004519934,Yes
10004518391,Yes
10004521135,Yes
10004518157,Yes
10004513327,Yes
10004522372,Yes
10004518744,Yes
10004513708,Yes
10004510572,Yes
10004517965,Yes
10004521157,No
10004510507,Yes
10004517614,Yes
10004512719,Yes
10004519032,Yes
10004515333,Yes
10004521300,Yes
10004513475,Yes
10004522406,Yes
10004510734,Yes
10004510267,Yes
10004511382,Yes
10004516455,Yes
10004520640,Yes
10004511571,Yes
10004520403,Yes
10004517847,Yes
10004512776,Yes
10004510886,Yes
10004520425,No
10004520368,Yes
10004518303,Yes
10004512853,Yes
10004521718,Yes
10004518054,Yes
10004516173,Yes
10004512829,Yes
10004519872,No
10004514641,No
10004514476,Yes
10004520299,Yes
10004518356,Yes
10004521381,No
10004513896,Yes
10004515256,Yes
10004520175,Yes
10004515927,Yes
10004510570,Yes
10004510303,Yes
10004514068,No
10004520361,Yes
10004513223,Yes
10004511108,Yes
10004521167,Yes
10004513693,Yes
10004512336,Yes
10004517531,Yes
10004521879,Yes
10004517101,Yes
10004516544,Yes
10004513786,Yes
10004514871,No
10004515520,Yes
10004515432,No
10004510031,No
10004512661,Yes
10004521748,Yes
10004513322,No
10004517831,Yes
10004517064,Yes
10004517110,Yes
10004512376,Yes
10004515109,Yes
10004517174,No
10004510432,Yes
10004514764,Yes
10004515135,Yes
10004516720,Yes
10004513621,Yes
10004511037,Yes
10004513735,Yes
10004513050,No
10004522265,No
10004513864,Yes
10004517696,Yes
10004518372,Yes
10004518730,Yes
10004510932,Yes
10004522521,No
10004518395,Yes
10004510786,Yes
10004522296,Yes
10004511639,No
10004511454,Yes
10004511550,Yes
10004516719,No
10004521719,Yes
10004513021,Yes
10004515173,No
10004511666,Yes
10004511811,Yes
10004514618,Yes
10004516108,Yes
10004518554,Yes
10004518313,Yes
10004522408,Yes
10004515097,Yes
10004515490,No
10004511470,Yes
10004518658,Yes
10004513265,No
10004516666,Yes
10004516879,Yes
10004517519,No
10004515742,Yes
10004510543,Yes
10004520030,Yes
10004522051,Yes
10004511358,Yes
10004511351,Yes
10004513993,Yes
10004518604,Yes
10004517892,Yes
10004519827,No
10004520974,No
10004514219,Yes
10004517567,Yes
10004519483,Yes
10004517457,Yes
10004515841,Yes
10004519616,Yes
10004519781,Yes
10004518019,Yes
10004513431,Yes
10004510237,No
10004513116,No
10004520159,Yes
10004511169,Yes
10004517256,No
10004517898,Yes
10004521814,Yes
10004520277,Yes
10004518095,Yes
10004521761,Yes
10004517689,No
10004510580,Yes
10004516139,Yes
10004519713,Yes
10004514211,Yes
10004516571,Yes
10004516996,Yes
10004513267,No
10004512718,Yes
10004511438,Yes
10004514384,Yes
10004514273,Yes
10004518798,No
10004518915,Yes
10004515964,Yes
10004514193,No
10004515696,Yes
10004517828,Yes
10004515576,No
10004522404,No
10004510778,No
10004516906,Yes
10004510513,No
10004514156,No
10004522178,Yes
10004512965,Yes
10004515862,Yes
10004516818,Yes
10004510420,Yes
10004515863,Yes
10004511369,Yes
10004516542,Yes
10004510333,Yes
10004512717,Yes
10004522185,No
10004515494,Yes
10004519186,Yes
10004512455,Yes
10004520373,Yes
10004516878,Yes
10004521560,Yes
10004516373,No
10004516602,Yes
10004515386,Yes
10004514942,Yes
10004522373,Yes
10004513113,Yes
10004519146,No
10004514282,Yes
10004522250,Yes
10004522258,Yes
10004519694,Yes
10004519164,No
10004514552,Yes
10004521676,Yes
10004521612,Yes
10004517026,Yes
10004521775,No
10004520748,Yes
10004517230,Yes
10004517507,Yes
10004514670,Yes
10004515209,Yes
10004520571,Yes
10004516326,Yes
10004510039,No
10004511582,No
10004514781,Yes
10004521713,Yes
10004521386,No
10004515715,No
10004510277,Yes
10004514596,Yes
10004517178,Yes
10004512633,No
10004512372,No
10004516593,Yes
10004521217,Yes
10004518724,Yes
10004518273,Yes
10004521524,Yes
10004522513,Yes
10004514491,Yes
10004518014,No
10004518122,Yes
10004520641,Yes
10004519076,Yes
10004510755,Yes
10004516846,No
10004517433,Yes
10004520649,Yes
10004516920,No
10004513017,Yes
10004512617,No
10004512827,Yes
10004521359,Yes
10004515007,Yes
10004510338,Yes
10004510439,Yes
10004513015,Yes
10004512028,Yes
10004517082,Yes
10004515707,Yes
10004518013,Yes
10004511829,Yes
10004516442,No
10004516140,No
10004514000,No
10004515491,Yes
10004518947,Yes
10004514797,Yes
10004512306,Yes
10004511002,Yes
10004517636,Yes
10004521848,No
10004516212,Yes
10004510230,No
10004519467,Yes
10004516938,Yes
10004518052,Yes
10004510896,Yes
10004517056,Yes
10004516384,Yes
10004521914,Yes
10004519132,No
10004519031,Yes
10004521577,Yes
10004516438,Yes
10004513755,Yes
10004515224,Yes
10004518238,Yes
10004516491,Yes
10004517108,Yes
10004520276,Yes
10004521233,Yes
10004513192,Yes
10004519141,Yes
10004510179,Yes
10004518845,No
10004520179,Yes
10004510081,No
10004515336,No
10004520662,Yes
10004512762,Yes
10004521058,Yes
10004520849,Yes
10004521314,Yes
10004512631,No
10004522364,Yes
10004514848,Yes
10004514105,Yes
10004521073,Yes
10004515225,No
10004516696,Yes
10004514295,Yes
10004517498,Yes
10004514440,Yes
10004517911,Yes
10004512968,No
10004515191,Yes
10004510008,Yes
10004520184,No
10004518503,Yes
10004513094,Yes
10004518651,Yes
10004518526,Yes
10004514258,Yes
10004521930,Yes
10004519906,Yes
10004513206,Yes
10004514561,No
10004520318,Yes
10004515811,Yes
10004521819,Yes
10004516691,Yes
10004518281,Yes
10004516228,Yes
10004513546,Yes
10004512539,No
10004513379,Yes
10004511678,Yes
10004518249,Yes
10004515547,No
10004521639,No
10004513928,Yes
10004521365,No
10004522508,Yes
10004514375,Yes
10004522135,No
10004510680,No
10004521443,No
10004510211,Yes
10004511467,Yes
10004510744,Yes
10004516787,No
10004517207,Yes
10004512097,No
10004515050,Yes
10004510924,Yes
10004512643,No
10004519426,Yes
10004521467,No
10004520815,Yes
10004514716,No
10004510759,Yes
10004514235,Yes
10004515796,Yes
10004515113,Yes
10004517975,Yes
10004511787,Yes
10004520380,Yes
10004515453,Yes
10004511930,No
10004520602,Yes
10004512087,Yes
10004511201,No
10004517302,Yes
10004513669,No
10004514078,Yes
10004514062,Yes
10004510969,Yes
10004516764,No
10004519376,Yes
10004519480,No
10004510336,Yes
10004512222,Yes
10004516865,Yes
10004518458,Yes
10004521580,Yes
10004522438,No
10004517220,Yes
10004510379,Yes
10004512086,Yes
10004511058,Yes
10004519638,Yes
10004516251,Yes
10004516274,No
10004510988,No
10004520211,Yes
10004519356,Yes
10004516704,Yes
10004520665,Yes
10004517944,Yes
10004510412,Yes
10004522021,Yes
10004520562,Yes
10004519043,Yes
10004521457,Yes
10004522137,Yes
10004512739,Yes
10004513783,Yes
10004515928,Yes
10004515731,Yes
10004520609,No
10004519789,No
10004519397,Yes
10004516885,No
10004518070,Yes
10004512480,Yes
10004519346,Yes
10004521472,No
10004521042,Yes
10004510682,Yes
10004515825,Yes
10004521126,Yes
10004515053,Yes
10004511265,Yes
10004515375,Yes
10004515160,No
10004517544,Yes
10004522024,Yes
10004511412,No
10004512195,Yes
10004515158,No
10004514253,Yes
10004512221,Yes
10004522082,Yes
10004514499,No
10004514771,Yes
10004514706,Yes
10004517025,No
10004514787,Yes
10004519664,Yes
10004511872,Yes
10004519610,Yes
10004515847,Yes
10004512674,Yes
10004516109,Yes
10004516426,Yes
10004519768,Yes
10004520567,Yes
10004511428,Yes
10004514959,Yes
10004518079,Yes
10004515967,Yes
10004518116,Yes
10004515606,No
10004513434,No
10004521983,Yes
10004516652,Yes
10004517714,Yes
10004517700,Yes
10004516188,Yes
10004512538,Yes
10004518949,Yes
10004511311,Yes
10004517051,Yes
10004516954,Yes
10004515196,Yes
10004517840,Yes
10004511292,Yes
10004521089,Yes
10004515625,Yes
10004511340,Yes
10004512531,Yes
10004514813,Yes
10004510095,Yes
10004514452,No
10004518412,Yes
10004519754,Yes
10004521897,Yes
10004513842,Yes
10004510398,No
10004511120,No
10004513800,Yes
10004522148,Yes
10004519014,Yes
10004513240,No
10004512085,No
10004520443,Yes
10004512969,No
10004513106,Yes
10004519331,Yes
10004516775,Yes
10004517393,Yes
10004521590,Yes
10004510082,Yes
10004517234,Yes
10004513975,Yes
10004517392,Yes
10004513832,No
10004513228,Yes
10004510144,No
10004513420,Yes
10004520626,Yes
10004521379,Yes
10004516990,Yes
10004521863,Yes
10004510853,No
10004522483,No
10004512498,Yes
10004516929,No
10004519355,Yes
10004520920,Yes
10004518064,Yes
10004517104,No
10004512400,Yes
10004513501,Yes
10004520445,Yes
10004512742,Yes
10004511377,Yes
10004520861,Yes
10004514794,No
10004515418,Yes
10004513443,No
10004514855,Yes
10004511592,No
10004510808,Yes
10004520439,Yes
10004521380,Yes
10004510115,No
10004513160,Yes
10004515292,Yes
10004518815,Yes
10004519570,Yes
10004520411,Yes
10004519910,Yes
10004522003,Yes
10004513576,No
10004517043,Yes
10004513696,Yes
10004510030,Yes
10004521072,Yes
10004513922,Yes
10004518858,Yes
10004511621,Yes
10004515691,Yes
10004516459,No
10004511188,Yes
10004520829,Yes
10004522196,Yes
10004519708,Yes
10004515883,No
10004520741,Yes
10004513199,Yes
10004521811,Yes
10004519897,Yes
10004520297,Yes
10004520681,Yes
10004518551,Yes
10004510998,Yes
10004521797,Yes
10004518168,Yes
10004519215,Yes
10004516864,Yes
10004514450,No
10004515381,Yes
10004510128,No
10004516961,Yes
10004517914,Yes
10004511803,Yes
10004514926,No
10004516270,Yes
10004520546,Yes
10004516509,Yes
10004510747,No
10004521857,Yes
10004521172,Yes
10004519325,Yes
10004512000,Yes
10004520481,Yes
10004514760,Yes
10004521667,Yes
10004521106,No
10004520738,Yes
10004515981,Yes
10004514259,Yes
10004514280,Yes
10004521286,Yes
10004512721,No
10004511209,Yes
10004518772,Yes
10004511870,Yes
10004514243,No
10004520521,Yes
10004514879,Yes
10004514558,Yes
10004522401,No
10004512918,No
10004517052,Yes
10004517773,Yes
10004512735,Yes
10004513256,Yes
10004519123,No
10004515368,No
10004511563,No
10004512688,No
10004517072,Yes
10004513878,Yes
10004518454,Yes
10004520325,No
10004520201,Yes
10004518908,Yes
10004522472,No
10004519154,Yes
10004514563,Yes
10004522231,Yes
10004514517,Yes
10004510758,Yes
10004521375,No
10004511060,Yes
10004513216,No
10004510010,Yes
10004510540,Yes
10004517116,Yes
10004514753,Yes
10004512684,Yes
10004521705,Yes
10004518276,Yes
10004510224,Yes
10004518977,Yes
10004520991,Yes
10004522239,Yes
10004510634,Yes
10004514252,Yes
10004516353,Yes
10004513441,Yes
10004510492,Yes
10004513494,Yes
10004512858,No
10004513005,Yes
10004517985,Yes
10004522223,Yes
10004513084,Yes
10004521937,Yes
10004522407,Yes
10004517100,Yes
10004512052,No
10004510097,Yes
10004520880,Yes
10004521399,No
10004522338,No
10004510741,Yes
10004512359,No
10004519824,Yes
10004511333,No
10004519692,Yes
10004521071,No
10004512147,Yes
10004522107,Yes
10004518098,No
10004515829,Yes
10004515541,Yes
10004513150,Yes
10004510732,Yes
10004514658,Yes
10004518956,Yes
10004510885,Yes
10004517702,Yes
10004512223,Yes
10004515952,Yes
10004510401,Yes
10004511215,Yes
10004517805,No
10004518884,Yes
10004516234,Yes
10004512948,Yes
10004517955,No
10004512123,Yes
10004521916,Yes
10004513163,Yes
10004514026,Yes
10004519605,No
10004517229,Yes
10004514032,Yes
10004518154,Yes
10004522036,Yes
10004516203,No
10004510131,No
10004519699,Yes
10004511415,Yes
10004514585,Yes
10004518309,Yes
10004515180,No
10004517835,Yes
10004510202,No
10004510964,Yes
10004516292,Yes
10004519879,Yes
10004518826,Yes
10004518253,Yes
10004521815,No
10004518396,Yes
10004515383,Yes
10004522187,No
10004514369,Yes
10004518791,Yes
10004511105,Yes
10004516953,Yes
10004516179,Yes
10004520374,No
10004521069,No
10004518835,Yes
10004511095,No
10004519752,Yes
10004511641,No
10004514076,Yes
10004520947,Yes
10004518362,No
10004513572,No
10004519728,Yes
10004519025,Yes
10004517239,Yes
10004512479,Yes
10004512352,No
10004521884,Yes
10004514667,Yes
10004514079,Yes
10004513887,Yes
10004513423,Yes
10004511425,No
10004510215,Yes
10004512856,Yes
10004522254,Yes
10004513798,Yes
10004516983,Yes
10004512885,No
10004512832,Yes
10004512875,No
10004520119,Yes
10004513350,No
10004518354,No
10004511847,Yes
10004518415,Yes
10004511244,Yes
10004519125,Yes
10004511387,Yes
10004517461,Yes
10004513257,No
10004511416,Yes
10004514568,Yes
10004514971,Yes
10004520490,Yes
10004512015,Yes
10004513320,Yes
10004519965,Yes
10004520599,Yes
10004519491,Yes
10004521518,Yes
10004518144,Yes
10004515960,Yes
10004511951,No
10004515238,Yes
10004520551,Yes
10004511615,Yes
10004515162,Yes
10004514317,Yes
10004520689,Yes
10004515183,Yes
10004513227,Yes
10004520785,Yes
10004513611,Yes
10004522251,No
10004519419,Yes
10004516239,No
10004517250,Yes
10004518279,Yes
10004520473,Yes
10004511948,No
10004518728,Yes
10004513014,Yes
10004511591,Yes
10004518773,Yes
10004520888,Yes
10004522081,Yes
10004513166,Yes
10004510049,Yes
10004513040,No
10004518779,Yes
10004510294,No
10004518306,No
10004522516,Yes
10004521147,No
10004516783,Yes
10004512913,No
10004520284,Yes
10004520485,No
10004514269,No
10004522272,Yes
10004510075,Yes
10004513963,No
10004511988,Yes
10004520543,No
10004512031,No
10004517094,Yes
10004511211,Yes
10004519905,Yes
10004520868,No
10004521964,Yes
10004516378,Yes
10004519060,Yes
10004512155,Yes
10004511972,No
10004511801,No
10004517397,Yes
10004519530,Yes
10004513810,No
10004517682,Yes
10004518995,Yes
10004518929,Yes
10004520046,Yes
10004516695,No
10004516588,Yes
10004510112,Yes
10004512868,No
10004522453,Yes
10004516639,Yes
10004522271,Yes
10004515433,No
10004516387,No
10004513144,Yes
10004516346,Yes
10004512294,Yes
10004520389,Yes
10004514687,Yes
10004518504,No
10004519788,Yes
10004517336,Yes
10004521934,Yes
10004515473,Yes
10004511627,No
10004515631,Yes
10004522339,Yes
10004514116,Yes
10004515312,No
10004520992,Yes
10004511317,No
10004516454,Yes
10004516461,No
10004515363,No
10004522162,Yes
10004514018,Yes
10004517465,No
10004518771,Yes
10004521364,No
10004512923,No
10004521192,Yes
10004521645,Yes
10004514995,Yes
10004512059,No
10004520560,Yes
10004521738,Yes
10004511062,Yes
10004510203,Yes
10004520789,Yes
10004518870,Yes
10004517860,Yes
10004512127,Yes
10004515423,Yes
10004517441,Yes
10004519049,Yes
10004513903,Yes
10004518259,Yes
10004510636,Yes
10004520471,Yes
10004514047,No
10004521036,No
10004522111,No
10004510005,Yes
10004516762,No
10004510699,Yes
10004512160,No
10004519420,Yes
10004516019,Yes
10004520927,Yes
10004521142,Yes
10004513728,Yes
10004514666,No
10004514432,Yes
10004510371,No
10004517755,Yes
10004521351,Yes
10004512469,No
10004519791,Yes
10004520605,Yes
10004521012,Yes
10004521907,No
10004519465,Yes
10004520365,Yes
10004512825,Yes
10004519062,Yes
10004515129,Yes
10004515246,Yes
10004516356,Yes
10004513380,Yes
10004520826,No
10004517681,Yes
10004515694,Yes
10004518193,Yes
10004519073,Yes
10004512963,Yes
10004520359,Yes
10004521541,Yes
10004517659,Yes
10004518970,Yes
10004516284,No
10004510084,No
10004513815,Yes
10004511448,No
10004514297,Yes
10004521651,No
10004516908,No
10004521956,Yes
10004514656,Yes
10004520469,No
10004521898,Yes
10004519061,Yes
10004522308,Yes
10004514542,No
10004514897,No
10004522244,Yes
10004514943,Yes
10004521566,Yes
10004510209,Yes
10004513098,Yes
10004511090,Yes
10004517790,Yes
10004511151,Yes
10004515626,Yes
10004514715,Yes
10004517769,Yes
10004522396,Yes
10004516305,Yes
10004518444,Yes
10004518617,No
10004517423,No
10004513002,No
10004517184,No
10004517539,Yes
10004522480,Yes
10004519461,Yes
10004516446,Yes
10004520199,Yes
10004515503,Yes
10004515360,Yes
10004512468,No
10004516406,No
10004512460,Yes
10004517271,Yes
10004511499,Yes
10004521621,Yes
10004520553,Yes
10004517775,No
10004516756,Yes
10004511890,Yes
10004516309,No
10004519415,Yes
10004521000,Yes
10004517102,Yes
10004518957,Yes
10004521222,Yes
10004519721,Yes
10004519363,No
10004515609,Yes
10004517625,Yes
10004510668,Yes
10004517357,Yes
10004515127,Yes
10004518920,Yes
10004512410,Yes
10004517451,Yes
10004511198,Yes
10004511477,Yes
10004514559,Yes
10004519441,Yes
10004518482,No
10004512309,Yes
10004521720,Yes
10004517275,Yes
10004514714,Yes
10004512490,Yes
10004510715,Yes
10004511701,Yes
10004515680,Yes
10004513419,Yes
10004511159,No
10004514178,Yes
10004512638,Yes
10004512768,No
10004510148,Yes
10004516604,Yes
10004517142,Yes
10004514730,Yes
10004522309,Yes
10004510654,Yes
10004519633,Yes
10004516261,Yes
10004513586,No
10004513486,Yes
10004520455,Yes
10004514070,Yes
10004518237,Yes
10004521030,Yes
10004520921,Yes
10004515063,Yes
10004517746,Yes
10004511017,Yes
10004513171,No
10004522522,Yes
10004521598,Yes
10004511840,Yes
10004518767,Yes
10004510304,No
10004516170,Yes
10004518470,Yes
10004510376,Yes
10004514278,Yes
10004510673,No
10004517949,Yes
10004513893,Yes
10004521417,No
10004513355,Yes
10004520973,Yes
10004512432,Yes
10004517919,Yes
10004520418,Yes
10004521488,Yes
10004518523,Yes
10004510354,Yes
10004518296,Yes
10004514825,Yes
10004518829,No
10004513686,Yes
10004519662,Yes
10004510286,No
10004510931,Yes
10004512830,Yes
10004513657,Yes
10004515837,Yes
10004518769,Yes
10004512266,No
10004512887,Yes
10004515642,Yes
10004511519,Yes
10004517542,Yes
10004510838,Yes
10004510908,Yes
10004517031,No
10004514956,Yes
10004515641,Yes
10004510183,No
10004522086,Yes
10004516728,No
10004519399,Yes
10004511197,No
10004514934,Yes
10004514913,Yes
10004514697,Yes
10004511509,Yes
10004520188,Yes
10004516599,Yes
10004510219,No
10004518552,Yes
10004519001,No
10004520625,No
10004519760,Yes
10004515719,Yes
10004516586,Yes
10004513856,Yes
10004520347,No
10004517935,Yes
10004522446,No
10004516410,Yes
10004516765,Yes
10004520483,Yes
10004514740,Yes
10004515876,Yes
10004512333,Yes
10004514029,Yes
10004519522,Yes
10004512399,Yes
10004513373,No
10004512411,No
10004521668,Yes
10004522075,Yes
10004517205,Yes
10004510220,Yes
10004513173,Yes
10004519711,Yes
10004521204,No
10004521820,Yes
10004513857,Yes
10004519746,Yes
10004521031,No
10004520538,Yes
10004517705,Yes
10004511250,Yes
10004517826,No
10004512219,Yes
10004516987,Yes
10004515766,No
10004510704,Yes
10004518460,Yes
10004522518,Yes
10004511976,Yes
10004515668,Yes
10004511912,Yes
10004510594,Yes
10004516052,Yes
10004517122,Yes
10004521973,No
10004520755,Yes
10004518840,Yes
10004516237,Yes
10004516843,Yes
10004513421,Yes
10004517333,No
10004514483,Yes
10004510101,Yes
10004516597,Yes
10004516335,Yes
10004516637,Yes
10004520387,Yes
10004510374,Yes
10004512586,Yes
10004513690,Yes
10004512277,Yes
10004513301,No
10004514872,Yes
10004519379,Yes
10004510740,Yes
10004520822,Yes
10004511404,No
10004513266,Yes
10004515522,No
10004515308,Yes
10004511093,Yes
10004521441,Yes
10004519946,Yes
10004516857,Yes
10004511585,Yes
10004511654,Yes
10004513886,Yes
10004518436,Yes
10004521873,Yes
10004511453,No
10004522332,Yes
10004518850,Yes
10004513198,No
10004515842,Yes
10004515864,Yes
10004515980,Yes
10004510092,No
10004521861,Yes
10004514801,Yes
10004511010,Yes
10004520291,Yes
10004522088,Yes
10004518337,Yes
10004517678,Yes
10004521403,No
10004521565,Yes
10004520635,Yes
10004520202,Yes
10004518607,No
10004520752,No
10004517121,No
10004516262,No
10004516475,No
10004515794,No
10004510857,Yes
10004511756,Yes
10004516242,No
10004517916,Yes
10004520854,Yes
10004515877,Yes
10004521336,Yes
10004520124,Yes
10004521634,Yes
10004511323,No
10004518535,Yes
10004510892,No
10004515732,Yes
10004518645,Yes
10004517896,No
10004522113,No
10004518951,Yes
10004515094,No
10004516979,Yes
10004514165,Yes
10004517932,Yes
10004520606,Yes
10004515910,Yes
10004512329,No
10004514114,Yes
10004522267,No
10004521528,Yes
10004518082,Yes
10004513626,Yes
10004510285,No
10004510906,Yes
10004518451,Yes
10004520328,Yes
10004521555,No
10004515106,No
10004510121,Yes
10004514616,No
10004521133,Yes
10004510047,Yes
10004514307,No
10004519452,Yes
10004517418,Yes
10004521358,Yes
10004521033,Yes
10004513341,Yes
